END TOTAL BIKER COUNT,LATITUDE,LONGITUDE,NAME,START TOTAL BIKER COUNT
568601,38.89696,-77.00493,Columbus Circle / Union Station,546363
532968,38.9101,-77.0444,Massachusetts Ave & Dupont Circle NW,472906
423363,38.90980063,-77.03442693,15th & P St NW,386443
412223,38.888255,-77.0494365,Lincoln Memorial,415892
389092,38.8885525,-77.032427,Jefferson Dr & 14th St SW,377419
332475,38.9177645,-77.032096,14th & V St NW,303592
314061,38.915544,-77.038252,New Hampshire Ave & T St NW,320966
291993,38.9121,-77.0387,17th & Corcoran St NW,280874
290655,38.88426009,-76.9947356,Eastern Market Metro / Pennsylvania Ave & 7th St SE,296517
282878,38.9059,-77.0325,Thomas Circle,301900
279919,38.8997,-77.023086,8th & H St NW,243942
273272,38.888774,-77.028694,Smithsonian-National Mall / Jefferson Dr & 12th St SW,263996
265535,38.9086,-77.0323,14th & Rhode Island Ave NW,251931
257583,38.90304,-77.019027,5th & K St NW,245188
257010,38.879819,-77.037413,Jefferson Memorial,251793
256501,38.905697,-77.005483,1st & M St NE,248090
242778,38.897446,-77.009888,North Capitol St & F St NW,231573
240552,38.913046,-77.032008,14th & R St NW,221354
237637,38.89728305,-77.02219069,7th & F St NW / National Portrait Gallery,212239
230282,38.90571079,-77.04731762,21st & M St NW,211530
229103,38.9154,-77.0446,20th St & Florida Ave NW,230922
219786,38.898364,-77.027869,Metro Center / 12th & G St NW,193520
216322,38.89903234,-77.03335404,New York Ave & 15th St NW,205507
215568,38.905126,-77.056887,M St & Pennsylvania Ave NW,175568
214218,38.90276,-77.03863,17th & K St NW,192877
212523,38.876697,-77.0178975,4th & M St SW,189186
206170,38.88637194,-77.01770067,4th & C St SW,184833
204774,38.922925,-77.042581,Adams Mill & Columbia Rd NW,241147
201342,38.902314,-77.0591415,Georgetown Harbor / 30th St NW,137740
197007,38.903827,-77.053485,25th St & Pennsylvania Ave NW,186144
190082,38.90375,-77.06269,C & O Canal & Wisconsin Ave NW,144615
189825,38.902061,-77.038322,17th & K St NW / Farragut Square,153020
186081,38.893028,-77.026013,10th St & Constitution Ave NW,162287
186060,38.90071063,-77.04644859,21st & I St NW,158458
182929,38.9155,-77.0222,7th & T St NW,174487
182067,38.894514,-77.031617,14th & D St NW / Ronald Reagan Building,156836
178445,38.9059957,-77.03980207,Rhode Island & Connecticut Ave NW,164622
177548,38.905737,-77.02227,Convention Center / 7th & M St NW,185765
175316,38.900412,-77.001949,3rd & H St NE,165219
173376,38.900283,-77.029822,13th St & New York Ave NW,132282
169419,38.90093,-77.018677,5th St & Massachusetts Ave NW,167062
168480,38.90088,-77.048911,22nd & I St NW / Foggy Bottom,168159
167462,38.908905,-77.04478,20th & O St NW / Dupont South,155829
166860,38.90506687,-77.04177886,18th & M St NW,153956
165493,38.892275,-77.013917,Constitution Ave & 2nd St NW/DOL,159505
164191,38.9055785,-77.027313,11th & M St NW,174640
164042,38.898409,-77.032278,14th & G St NW,153951
163506,38.886266,-77.022241,L'Enfant Plaza / 7th & C St SW,159263
161533,38.917761,-77.04062,California St & Florida Ave NW,151237
159790,38.890461,-76.988355,Lincoln Park / 13th & East Capitol St NE ,174194
157486,38.9172,-77.0259,10th & U St NW,155339
157000,,,,138604
156994,38.897315,-77.070993,Lynn & 19th St North,114897
154335,38.890539,-77.049383,Henry Bacon Dr & Lincoln Memorial Circle NW,154338
153428,38.87885438,-77.00572729,1st & K St SE,140381
153330,38.88412,-77.017445,4th & E St SW,136049
153033,38.908142,-77.038359,17th St & Massachusetts Ave NW,152665
152696,38.9308,-77.0315,Park Rd & Holmead Pl NW,190927
152686,38.897222,-77.019347,5th & F St NW,139577
151344,38.899972,-76.998347,6th & H St NE,134886
150335,38.8904955,-77.0172465,4th St & Madison Dr NW,150625
150087,38.912719,-77.022155,7th & R St NW / Shaw Library,149715
149094,38.88627695,-77.02824175,USDA / 12th & Independence Ave SW,140731
147104,38.90546971,-77.00213045,3rd & M St NE,136569
143147,38.8923,-77.0436,19th St & Constitution Ave NW,136890
141585,38.88412,-77.04657,Ohio Dr & West Basin Dr SW / MLK & FDR Memorials,140536
141122,38.886952,-76.996806,Eastern Market / 7th & North Carolina Ave SE,146550
141045,38.90042674,-76.98825002,13th & H St NE,127706
140432,38.889955,-77.000349,4th & East Capitol St NE,146999
139551,38.916787,-77.028139,12th & U St NW,131997
134613,38.886978,-77.013769,Washington & Independence Ave SW/HHS,119517
131345,38.9126,-77.0135,Florida Ave & R St NW,132968
130591,38.89828295,-77.03973234,17th & G St NW,118840
130452,38.915417,-77.012289,1st & Rhode Island Ave NW,128726
128363,38.89968,-77.041539,18th St & Pennsylvania Ave NW,129457
127187,38.90864,-77.02277,8th & O St NW,124421
126665,38.9024,-77.02622,10th & K St NW,129579
126442,38.9319,-77.0388,Lamont & Mt Pleasant NW,162576
124968,38.899632,-77.031686,14th St & New York Ave NW,118641
124397,38.8963,-77.045,20th & E St NW,119984
122181,38.918809,-77.041571,18th St & Wyoming Ave NW,140533
121949,38.895914,-77.026064,10th & E St NW,108123
121134,38.929464,-77.027822,11th & Kenyon St NW,162940
120472,38.8851,-77.0023,3rd & D St SE,123092
120447,38.894573,-77.01994,6th St & Indiana Ave NW,109316
119727,38.894832,-76.987633,13th & D St NE,124846
118967,38.903819,-77.0284,12th & L St NW,123816
117604,38.90774,-77.071652,37th & O St NW / Georgetown University,120907
115043,38.899408,-77.015289,3rd & H St NW,115221
114879,38.894851,-77.02324,8th & D St NW,102978
112962,38.92612422,-77.03542069,16th & Harvard St NW,216467
112568,38.8763,-77.0037,M St & New Jersey Ave SE,89364
112462,38.923583,-77.050046,Calvert St & Woodley Pl NW,120914
112355,38.90374145,-77.0424521,19th & L St NW,108074
111587,38.9066,-77.05152,24th & N St NW,101884
110724,38.912648,-77.041834,18th & R St NW,108035
110346,38.902,-77.03353,15th & K St NW,105877
108876,38.89484064,-76.99591577,D St & Maryland Ave NE,118273
107983,38.887378,-77.001955,3rd St & Pennsylvania Ave SE,117996
107092,38.888097,-77.038325,17th St & Independence Ave SW,108097
106827,38.921074,-77.031887,14th & Belmont St NW,116975
104641,38.901755,-77.051084,New Hampshire Ave & 24th St NW,97612
101089,38.8786936,-77.02305436,Maine Ave & 7th St SW,82173
99349,38.899983,-76.991383,11th & H St NE,86879
97696,38.9268,-77.0322,14th & Harvard St NW,150053
94553,38.9003,-77.0429,19th St & Pennsylvania Ave NW,100195
94482,38.9037315,-77.0675285,34th & Water St NW,66989
93317,38.8803,-76.9862,Potomac & Pennsylvania Ave SE,94085
91891,38.894919,-77.046587,US Dept of State / Virginia Ave & 21st St NW,90127
91888,38.87501,-77.0024,3rd & Tingey St SE,75240
91427,38.93668393,-77.02418089,Georgia & New Hampshire Ave NW,117544
88915,38.881185,-77.001828,3rd & G St SE,90863
88818,38.90849,-77.063586,Wisconsin Ave & O St NW,80696
87600,38.897857,-77.026975,11th & F St NW,81487
82952,38.923203,-77.047637,Calvert & Biltmore St NW,107995
82344,38.892244,-77.033234,15th St & Constitution Ave NW,76019
81920,38.910972,-77.00495,Eckington Pl & Q St NE,88036
81177,38.8946,-77.072305,Rosslyn Metro / Wilson Blvd & Ft Myer Dr,57519
80370,38.895344,-77.016106,4th & D St NW / Judiciary Square,82513
79960,38.903649,-77.034918,15th & L St NW,79488
79822,38.896104,-77.049882,23rd & E St NW ,81197
79500,38.901539,-77.046564,21st St & Pennsylvania Ave NW,79234
78485,38.897274,-76.994749,8th & F St NE,75323
78472,38.920669,-77.04368,Columbia Rd & Belmont St NW,125206
78399,38.88291548,-76.98790669,14th & D St SE,79253
77291,38.8743,-77.0057,1st & N St  SE,61360
77128,38.903584,-77.044789,20th & L St NW,76979
76190,38.902204,-77.04337,19th & K St NW,77339
75094,38.912659,-77.017669,New Jersey Ave & R St NW,77099
74641,38.89824329,-77.02623546,10th & G St NW,63442
73309,38.92333,-77.0352,15th & Euclid St  NW,109486
72980,38.85740496,-77.05113173,Crystal City Metro / 18th & Bell St,91564
72568,38.9375,-77.0328,14th St & Spring Rd NW,92643
71049,38.9190185,-77.034449,15th & W St NW,67306
70373,38.928552,-77.032224,14th & Irving St NW,113625
70039,38.892459,-77.046567,21st St & Constitution Ave NW,74090
69586,38.88732,-76.983569,15th St & Massachusetts Ave SE,72359
68687,38.89967,-77.003666,2nd & G St NE,65088
67167,38.900358,-77.012108,1st & H St NW,65258
66586,38.905303,-77.050264,23rd & M St NW,58044
66084,38.897293,-77.05557,Kennedy Center,57805
65935,38.917622,-77.01597,3rd & Elm St NW,68684
65899,38.913761,-77.027025,11th & S St NW,66149
64394,38.909394,-77.048728,22nd & P ST NW,59343
63946,38.894972,-77.003135,2nd St & Massachusetts Ave NE,67968
63748,38.88992,-77.071301,Iwo Jima Memorial/N Meade & 14th St N,54194
63466,38.8792,-76.9953,8th & Eye St SE / Barracks Row,62125
63144,38.92812111,-77.02379465,Columbia Rd & Georgia Ave NW,93283
62101,38.934267,-77.057979,Connecticut Ave & Newark St NW / Cleveland Park,69705
61074,38.90733256,-77.01536044,New Jersey Ave & N St NW/Dunbar HS,67919
60578,38.90843,-77.02714,11th & O St NW,63659
60565,38.899703,-77.008911,North Capitol St & G Pl NE,59453
60298,38.889988,-76.995193,8th & East Capitol St NE,67082
58476,38.887312,-77.025762,Independence Ave & L'Enfant Plaza SW/DOE,57588
58100,38.903658,-77.031737,14th & L St NW,58985
57686,38.920387,-77.025672,10th & Florida Ave NW,59981
56695,38.912652,-77.036278,16th & R St NW,54120
55871,38.856425,-77.049232,20th & Crystal Dr,49733
55296,38.89646475,-77.03338087,15th St & Pennsylvania Ave NW/Pershing Park,49541
53977,38.852929,-77.049723,23rd & Crystal Dr,46405
53960,38.900413,-76.982872,Bladensburg Rd & Benning Rd NE,48239
53935,38.881044,-77.111768,Ballston Metro / N Stuart & 9th St N,62207
53922,38.898412,-77.043182,19th & G St NW,54677
52790,38.905368,-77.065149,Potomac & M St NW,41125
52319,38.916442,-77.0682,34th St & Wisconsin Ave NW,64570
52285,38.862303,-77.059936,Pentagon City Metro / 12th & S Hayes St,50610
52277,38.897195,-76.983575,15th & F St NE,50142
52255,38.889908,-76.983326,15th & East Capitol St NE,55993
52140,38.8952,-77.0436,19th & E Street NW,53294
51936,38.944551,-77.063896,Van Ness Metro / UDC,56600
50891,38.8896,-76.9769,19th & East Capitol St SE,50295
50614,38.930282,-77.055599,3000 Connecticut Ave NW / National Zoo,68864
50397,38.905424,-77.034674,15th & M St NW,51018
50112,38.90113645,-77.03445107,Vermont Ave & I St NW,44668
48105,38.814577,-77.052808,Braddock Rd Metro,56836
47942,38.912644,-77.04564,Connecticut Ave & R St NW,45111
47345,38.88044,-77.025236,Maine Ave & 9th St SW,41825
47114,38.884916,-77.005965,1st & D St SE,48346
46998,38.878433,-77.03023,Hains Point/Buckeye & Ohio Dr SW,45198
46881,38.907908,-76.99707,Union Market/6th St & Neal Pl NE,44304
46320,38.848466,-77.051514,27th & Crystal Dr,42029
46237,38.908643,-77.012365,1st & O St NW,48260
45957,38.882788,-77.103148,Virginia Square Metro / N Monroe St & 9th St N,52957
44919,38.934881,-77.072755,Wisconsin Ave & Newark St NW,75250
43867,38.902826,-77.060173,31st & Water St NW,28916
43406,38.9418,-77.0251,9th & Upshur St NW,54743
43384,38.804718,-77.043363,Market Square / King St & Royal St,37314
42990,38.919077,-77.000648,4th & W St NE,44228
42688,38.90509,-76.9941,Gallaudet / 8th St & Florida Ave NE,44889
42122,38.861056,-77.049417,15th & Crystal Dr,41071
41642,38.89622604,-76.99278563,Maryland Ave & E St NE,45958
41109,38.927872,-77.043358,Harvard St & Adams Mill Rd NW,39415
40453,38.8426,-77.0502,S Glebe & Potomac Ave,35861
40205,38.890612,-77.084801,Court House Metro / 15th & N Uhle St ,55357
39344,38.893438,-77.076389,Clarendon Blvd & Pierce St,42768
39280,38.947607,-77.079382,Tenleytown / Wisconsin Ave & Albemarle St NW,73705
39240,38.8637,-77.0633,S Joyce & Army Navy Dr,36230
38902,38.925636,-77.027112,11th & Girard St NW,48617
38836,38.88701008,-77.09525675,Clarendon Metro / Wilson Blvd & N Highland St,50934
38194,38.803124,-77.040363,Prince St & Union St,25819
37691,38.894722,-77.045128,20th St & Virginia Ave NW,35512
36819,38.924088,-77.040787,Columbia & Ontario Rd NW,52299
35064,38.9249,-77.0222,Georgia Ave and Fairmont St NW,49108
34213,38.891696,-77.0846,Wilson Blvd & N Uhle St,52879
33599,38.903732,-76.987211,Neal St & Trinidad Ave NE,37378
32194,38.975219,-77.016855,Takoma Metro,39028
32059,,,,31050
31823,38.893511,-77.041544,18th & C St NW,31118
31695,38.880012,-77.107854,Wilson Blvd & N Quincy St,37637
29388,38.89892547,-77.04885238,22nd & H St NW,28880
29242,38.922581,-77.070334,36th & Calvert St NW / Glover Park,50072
28665,38.90240557,-77.01600552,New Jersey Ave & L St NW,30350
28462,38.928893,-77.03625,16th & Irving St NW,44167
27968,38.892441,-77.048947,22nd St & Constitution Ave NW,29942
27935,38.911268,-77.041829,18th & New Hampshire Ave NW,28283
27222,38.885801,-77.097745,Fairfax Dr & Wilson Blvd,31539
27165,38.920682,-76.995876,Rhode Island Ave Metro,27242
26995,38.955016,-77.069956,Connecticut & Nebraska Ave NW,35494
26814,38.932514,-76.992889,10th & Monroe St NE,32692
26781,38.80576285,-77.06062675,King St Metro South,35896
26518,38.89593,-77.089006,Lee Hwy & N Adams St,38334
26423,38.85438052,-77.0534116,Eads & 22nd St S,25056
26238,38.865029,-77.039511,S Stafford & 34th St S,26445
26070,38.90293157,-76.99840486,6th & K St NE,24425
26012,38.938736,-77.087171,Ward Circle / American University,42210
25789,38.922649,-77.077271,39th & Calvert St NW / Stoddert,62666
25072,38.915604,-76.983683,New York Ave & Hecht Ave NE,24207
25029,38.94247536,-77.03267813,14th & Upshur St NW,33855
24970,38.882629,-77.109366,N Randolph St & Fairfax Dr,27207
24935,38.896923,-77.086502,N Veitch  & 20th St N,30129
24798,38.88345,-77.021741,7th & E St SW,23234
24530,38.8881,-77.09308,Clarendon Blvd & N Fillmore St,34066
24524,38.805317,-77.049883,King St & Patrick St,20799
24373,38.876737,-76.994468,Potomac Ave & 8th St SE,24057
24093,38.88432272,-77.02601016,10th St & L'Enfant Plaza SW,28588
23873,38.85725,-77.05332,18th & Eads St.,25133
23093,38.9346,-76.9955,John McCormack Dr & Michigan Ave NE,26462
22942,38.876893,-77.006072,1st & M St SE,18909
22890,38.928743,-77.012457,1st & Washington Hospital Center NW,33353
22638,38.8904,-77.0889,Wilson Blvd & Franklin Rd,31068
22591,38.89386,-77.070862,N Lynn St & Fairfax Dr,19015
22097,38.897612,-77.080851,Lee Hwy & N Scott St,25421
21560,38.89054,-77.08095,15th & N Scott St,29238
21516,38.889,-77.0925,Wilson Blvd & N Edgewood St,26749
21499,38.894474,-76.974828,Oklahoma Ave & D St NE,18513
21443,38.81074148,-77.04463273,Saint Asaph St & Pendleton  St,18222
21380,38.857866,-77.05949,Aurora Hills Community Ctr/18th & Hayes St,21984
21273,38.8995,-77.054155,Virginia Ave & 25th St NW,19332
21272,38.902674,-77.021392,7th & K St NW,20317
21119,38.876751,-77.000736,4th & M St SE,17194
21074,38.943837,-77.077078,39th & Veazey St NW,32729
20506,38.850688,-77.05152,26th & S Clark St,20662
20405,38.925284,-77.032375,14th & Girard St NW,38569
20002,38.897108,-77.011616,New Jersey Ave & F St NW,16404
19837,38.876393,-77.107735,N Quincy St & Glebe Rd,23579
19717,38.88397,-77.10783,Central Library / N Quincy St & 10th St N,22042
19135,38.84232,-77.089555,S Arlington Mill Dr & Campbell Ave,17167
19098,38.844015,-77.050537,Potomac Ave & 35th St S,16543
19029,38.80704,-77.059817,King St Metro North / Cameron St,17381
19003,38.89222,-76.99602,7th St & Massachusetts Ave NE,24326
18620,38.889365,-77.077294,Arlington Blvd & N Queen St,18073
18439,38.862753,-77.05428,Long Bridge Park/Long Bridge Dr & 6th St S,17489
18254,38.896553,-77.06714,S George Mason Dr & 13th St S,17713
17939,38.918155,-77.004746,Rhode Island Ave & V St NE,40488
17905,38.882489,-76.990121,12th St & Pennsylvania Ave SE,19052
17885,38.981103,-77.097426,Bethesda Ave & Arlington Rd,17463
17802,38.961763,-77.085998,Friendship Hts Metro/Wisconsin Ave & Wisconsin Cir,19475
17798,38.892164,-77.079375,N Rhodes & 16th St N,25372
17616,38.964992,-77.103381,River Rd & Landy Ln,17925
17488,38.94113916,-77.06197724,Connecticut Ave & Tilden St NW,23225
17276,38.884734,-77.093485,Washington Blvd & 10th St N,24479
17088,38.829545,-77.047844,Potomac & Swann Ave,16301
17027,38.87887,-77.1207,George Mason Dr & Wilson Blvd,18273
16886,38.923389,-77.051833,Woodley Park Metro / Calvert St & Connecticut Ave NW,24322
16495,38.956432,-77.032947,14th St & Colorado Ave NW,25189
16375,38.928644,-76.990955,12th & Irving St NE,18084
16115,38.805648,-77.05293,Commerce St & Fayette St,14948
16101,38.884616,-77.10108,Fairfax Dr & Kenmore St,19072
15923,38.947774,-77.032818,14th St Heights / 14th & Crittenden St NW,22065
15616,38.802677,-77.063562,Ballenger Ave & Dulaney St,17357
15596,38.862669,-76.994637,Anacostia Metro,14716
15563,38.871822,-77.107906,Pershing & N George Mason Dr,17511
15363,38.883669,-77.113905,Utah St & 11th St N ,17988
15231,38.893993,-77.07857,Key Blvd & N Quinn St,19050
15143,38.927497,-76.997194,Hamlin & 7th St NE,18404
14938,38.931991,-77.032956,14th & Newton St NW,23472
14640,38.880705,-77.08596,N Pershing Dr & Wayne St,17065
14634,38.896544,-76.96012,Anacostia Ave & Benning Rd NE / River Terrace ,14195
14597,38.859254,-77.063275,S Joyce & 16th St S,15592
14534,38.977933,-77.006472,Carroll & Ethan Allen Ave,15989
14466,38.93132186,-77.02824712,11th & Park Rd NW,21904
14380,38.858971,-77.05323,Eads St & 15th St S,16596
14315,38.883921,-77.116817,Glebe Rd & 11th St N,16546
14303,38.82175,-77.047494,Potomac Greens Dr & Slaters Ln,13182
14198,38.82595,-77.058541,Mount Vernon Ave & E Del Ray Ave,11611
14147,38.893237,-77.086063,N Veitch & Key Blvd,21497
14018,38.984691,-77.094537,Bethesda Metro,21526
13901,38.894941,-77.09169,Lee Hwy & N Cleveland St,17334
13729,38.812718,-77.044097,Saint Asaph & Madison St,12514
13531,38.812351,-77.040691,Madison & Fairfax St,12192
13477,38.95655555,-77.01981425,5th & Kennedy St NW,14518
12965,38.91263,-76.971923,24th & R St NE / National Arboretum,13074
12925,38.91475111,-77.00356007,2nd St & Seaton Pl NE,16850
12769,38.884961,-77.08777,Barton St & 10th St N,15775
12631,38.867373,-76.988039,Good Hope Rd & MLK Ave SE,11745
12074,38.833077,-77.059821,Mount Vernon Ave & Kennedy St,10459
12062,38.933668,-76.991016,12th & Newton St NE,15467
11967,38.949662,-77.027333,Georgia Ave & Emerson St NW,17640
11690,38.947156,-77.065115,Connecticut Ave & Yuma St NW,12538
11521,38.820932,-77.053096,Monroe Ave & Leslie Ave,10851
11479,38.85033658,-77.10098863,Barcroft Community Center,14024
11362,38.846222,-77.069275,28th St S & S Meade St,9667
11201,38.952369,-77.002721,Fort Totten Metro,13543
11188,38.862478,-77.086599,Columbia Pike & S Walter Reed Dr,11218
10986,38.798133,-77.0487,Franklin & S Washington St,9558
10950,38.863833,-77.080319,Columbia Pike & S Courthouse Rd,13542
10800,38.867262,-77.072315,Columbia Pike & S Orme St,11321
10773,38.992375,-77.100104,Battery Ln & Trolley Trail,11262
10728,38.811456,-77.050276,Henry St & Pendleton St,11540
10674,38.979875,-77.093522,Woodmont Ave & Strathmore St,11622
10670,38.915,-77.0078,Lincoln Rd & Seaton Pl NE/Harry Thomas Rec Center,15045
10544,38.954812,-77.082426,Fessenden St & Wisconsin Ave NW,11150
10518,38.96454351,-77.07513481,McKinley St & Connecticut Ave NW,11937
10251,38.91420432,-77.0221746,7th & S St NW,10571
10193,38.873755,-77.089233,Arlington Blvd & Fillmore St,9682
10074,38.997033,-77.025608,Fenton St & Ellsworth Dr ,10057
10060,38.892934,-76.998273,Massachusetts Ave & 6th St NE,13336
10028,38.86968315,-77.01081544,Potomac Ave & Half St SW,8431
10007,38.869418,-77.095596,TJ Cmty Ctr / 2nd St & S Old Glebe Rd,9518
9917,38.885908,-76.991476,11th & C St SE,10737
9891,38.804378,-77.060866,Duke St & John Carlyle St,11273
9890,38.820064,-77.057619,Mount Vernon Ave & E Nelson Ave,9827
9566,38.983627,-77.006311,Maple & Ritchie Ave,4900
9475,38.873219,-77.082104,Washington Blvd & Walter Reed Dr ,9155
9334,38.98954,-77.098029,Cordell & Norfolk Ave,9217
9243,38.87335,-76.9834,Anacostia Park,9138
9188,38.96115,-77.088659,Friendship Blvd & Willard Ave,9482
9036,38.98128,-77.011336,Philadelphia & Maple Ave,4389
8935,38.801111,-77.068952,Eisenhower Ave & Mill Race Ln,8842
8896,38.856319,-77.11153,Columbia Pike & S Dinwiddie St / Arlington Mill Community Center,7608
8849,38.847977,-77.075104,S Troy St & 26th St S,8365
8757,38.88081,-77.090792,Washington Blvd & 7th St N,10247
8560,38.932128,-77.0235,Georgia Ave & Morton St NW,10568
8445,38.975,-77.01121,Carroll & Westmoreland Ave,11650
8438,38.799267,-77.0447,Royal & Wilkes St,6928
8378,38.8444,-77.085931,S Four Mile Run Dr & S Shirlington Rd,7760
8348,38.84736,-77.095431,S Four Mile Run & Walter Reed Dr,7509
8267,38.988562,-77.096539,Norfolk Ave & Fairmont St,9356
8168,38.898984,-77.078317,21st St N & N Pierce St,14333
8137,38.983525,-77.095367,Montgomery & East Ln,10477
7959,38.99525644,-77.0291242,Silver Spring Metro/Colesville Rd & Wayne Ave,8730
7934,38.873057,-76.971015,Pennsylvania & Minnesota Ave SE,5982
7860,38.869442,-77.104503,Arlington Blvd & S George Mason Dr/NFATC,8978
7771,38.985404,-77.023082,Fenton St & New York Ave ,10017
7744,38.902386,-77.005649,1st & K St NE,7353
7561,38.934405,-77.032687,14th & Otis Pl NW,11848
7490,38.895377,-77.09713,Lee Hwy & N Kirkwood Rd,5286
7424,38.977093,-77.094589,Offutt Ln & Chevy Chase Dr,8303
7424,38.865553,-77.05003,6th & S Ball St,6584
7396,38.88532072,-77.1564272,East Falls Church Metro/Sycamore St & 19th St N,7595
7389,38.927095,-76.978924,18th St & Rhode Island Ave NE,7630
7219,38.912524,-77.008798,North Capitol & R St NE,8113
6905,38.866611,-76.985238,Good Hope Rd & 14th St SE,6720
6814,38.989724,-77.023854,Fenton St & Gist Ave,8533
6770,39.119765,-77.166093,Shady Grove Metro West,7012
6768,38.94660792,-77.33939141,Reston Station,6744
6738,38.852248,-77.105022,S George Mason Dr & Four Mile Run,6192
6717,38.907444,-76.986813,Montello Ave & Holbrook Terr NE,7660
6645,38.839912,-77.087083,Shirlington Transit Center / S Quincy & Randolph St,4854
6581,38.892556,-77.082089,Wilson Blvd & N Troy St,9192
6558,38.876528,-77.12712,Wilson Blvd & N Illinois St ,6504
6544,38.990249,-77.02935,East West Hwy & Blair Mill Rd,8346
6436,38.961339,-77.027855,Georgia & Missouri Ave NW,8471
6274,38.843422,-77.064016,Mount Vernon Ave & Four Mile Run Park,5611
6261,38.958267,-77.084636,Wisconsin Ave & Ingomar St NW,8729
6194,38.982456,-77.091991,47th & Elm St,7320
5996,38.813485,-77.049468,Madison & N Henry St,7467
5991,38.863897,-76.990037,Pleasant St & MLK Ave SE,6258
5920,38.876211,-77.012443,King Greenleaf Rec Center,5659
5872,38.880992,-77.135271,Kennebec St & 11th St N,5863
5832,38.818748,-77.047783,Powhatan St & Bashford Ln,5448
5804,38.94796175,-77.02154964,Kansas Ave & Sherman Cr NW,8428
5802,38.822738,-77.049265,Potomac Ave & Main Line Blvd,5524
5636,38.999634,-77.109647,Old Georgetown Rd & Southwick St,7815
5610,38.910674,-77.03188,14th & Q St NW,4895
5566,38.896456,-77.104562,Lee Hwy & N Monroe St,6059
5496,38.987,-77.029417,13th St & Eastern Ave,7024
5403,38.897808,-76.979634,Rosedale Rec Center / 17th & Gales St NE,5409
5342,38.901935,-76.978627,Maryland Ave & 17th St NE,6057
5210,38.936298,-77.087128,Nebraska Ave/AU East Campus,5595
5169,38.949813,-77.080217,Wisconsin Ave & Brandywine St NW,11397
5114,38.91261359,-77.07432264,Reservoir Rd & 38th St NW,5907
5055,38.957463,-77.002239,3rd St & Riggs Rd NE,3837
4953,38.797557,-77.053766,Lee Center,4738
4949,38.99403485,-77.03037143,Ripley & Bonifant St,7195
4941,38.86612,-77.08787,S Walter Reed Dr & 8th St S,4791
4819,38.968834,-77.016258,3rd & Underwood St NW,4821
4779,38.957037,-77.359718,Reston Town Center Transit Station,4932
4656,38.90273216,-76.99514991,8th & K St NE,4738
4638,38.897063,-76.947446,Minnesota Ave Metro/DOES,4704
4591,38.865784,-76.9784,Anacostia Library,4993
4544,38.986743,-77.000035,Washington Adventist U / Flower Ave & Division St,3511
4473,38.812711,-77.061715,Commonwealth Ave & Oak St,4282
4461,38.876695,-77.112982,Carlin Springs Rd & N Thomas St,5610
4445,39.114688,-77.171487,King Farm Blvd & Pleasant Dr,4144
4390,38.983838,-77.09221,Montgomery Ave & Waverly St ,6424
4376,38.888282,-77.111066,Washington-Lee High School / N Stafford St & Generals Way,5086
4374,38.91693645,-77.02963114,13th & U St NW,4089
4331,38.89595456,-76.96784484,Kingman Island/The Fields at RFK,4293
4266,38.999378,-77.097882,Medical Center Metro ,5191
4259,38.82005823,-77.06282079,Commonwealth & E Monroe Ave,4079
4214,38.990639,-77.100239,Norfolk & Rugby Ave,5066
4199,38.866471,-77.076131,Rolfe St & 9th St S,4845
4179,38.889935,-76.93723,Benning Rd & East Capitol St NE / Benning Rd Metro,4858
4156,38.951443,-77.340377,Sunset Hills Rd & Isaac Newton Square,3910
4156,38.93293,-76.979517,18th & Monroe St NE,2330
3912,38.997445,-77.023894,Veterans Pl & Pershing Dr ,3725
3849,39.110314,-77.182669,King Farm Blvd & Piccard Dr,4676
3848,38.920939,-77.222115,Tysons Corner Station,4274
3846,38.967505,-77.027976,Georgia Ave & Piney Branch Rd NW,4344
3827,38.951596,-77.012808,New Hampshire & Gallatin St NW,4628
3780,38.7859,-77.0167,National Harbor Carousel,3710
3742,38.924144,-77.002098,Edgewood Rec Center,4069
3624,38.84712905,-77.11255029,Walter Reed Community Center / Walter Reed Dr & 16th St S,3257
3597,39.121327,-77.164969,Shady Grove Metro East,3417
3488,38.84817,-77.0513,Crystal Dr & Potomac Ave,3498
3352,38.894,-76.947974,Benning Branch Library,3002
3319,38.841291,-77.063093,Mount Vernon Ave & Bruce St,2842
3300,38.8840581,-76.9863852,14th & D St SE,3244
3275,38.89994163,-76.99489653,8th & H St NE,3076
3195,38.999388,-77.031555,Georgia Ave & Spring St,3933
3189,38.898301,-77.118009,Lee Hwy & N Woodstock St,4757
3097,38.990874,-77.016311,Sligo Ave & Carroll Ln,3365
2960,38.995681,-77.038721,East West Hwy & 16th St,3844
2860,38.848454,-77.084918,S Kenmore & 24th St S,2412
2821,38.881123,-77.017658,4th St & G St SW,2777
2820,39.04753,-77.11287,White Flint Metro,3621
2795,38.870695,-76.982359,16th & Q St SE / Anacostia HS,2499
2779,39.076331,-77.141378,Fleet St & Ritchie Pkwy,2236
2767,38.884829,-77.127671,Washington Blvd & N Frederick St,3245
2766,38.91703631,-77.09578246,48th Pl & MacArthur Blvd NW,2897
2746,38.86215025,-77.06812084,Army Navy Dr & S Nash St,3974
2710,38.860789,-77.09586,S Oakland St & Columbia Pike,2374
2699,38.955079,-77.351649,Sunset Hills & Old Reston Ave,2753
2603,38.95674,-77.02791,Georgia Ave & Kennedy St NW,3621
2594,39.04317,-77.1135,Woodglen Dr & Executive Blvd,2526
2582,38.844711,-76.987823,Congress Heights Metro,3709
2550,39.084379,-77.146866,Rockville Metro West,3042
2539,39.084125,-77.151291,E Montgomery Ave & Maryland Ave,2581
2516,38.7930647,-77.049436,Mt Vernon Trail & S. Washington St.,2515
2509,39.096312,-77.192672,Fallsgrove Blvd & Fallsgrove Dr,2375
2494,38.782633,-77.016059,Fleet St & Waterfront St,2470
2472,38.994113,-77.076986,Connecticut Ave & Chevy Chase Lake Dr,2378
2432,39.085394,-77.145803,Rockville Metro East,2374
2347,38.84322989,-76.99937582,Alabama & MLK Ave SE,2600
2202,39.04873,-77.1257,Executive Blvd & E Jefferson St,1959
2173,39.12582811,-77.16705948,Columbus Ave & Tribeca St,2502
2171,38.924437,-77.217664,Westpark & Jones Branch Dr,2118
2167,39.083673,-77.149162,Monroe St & Monroe Pl,2044
2126,38.886048,-77.142317,Westover Library / Washington Blvd & N McKinley Rd,1771
2116,39.1077,-77.1521,Crabbs Branch Way & Calhoun Pl,2064
2114,38.969489,-77.033509,14th & Luzon St NW,2295
2113,38.94202474,-77.01822102,Grant Circle,2802
2107,39.095661,-77.159048,Montgomery College/W Campus Dr & Mannakee St,1861
2073,38.946182,-77.08059,Yuma St & Tenley Circle NW,6957
2037,38.901385,-76.941877,Nannie Helen Burroughs & Minnesota Ave NE,1727
2003,39.102212,-77.177091,Piccard & W Gude Dr,1778
2001,38.898536,-76.931862,Nannie Helen Burroughs Ave & 49th St NE,1639
1966,38.906299,-76.983221,Trinidad Rec Center,2482
1929,38.95548,-76.940133,Baltimore Ave & Jefferson St,1835
1923,38.942146,-77.038684,17th & Upshur St NW,2424
1921,38.89830174,-77.04691261,21st St & G st NW,1932
1890,38.858524,-77.103728,Columbia Pike & S Taylor St,1728
1866,38.997653,-77.034499,Spring St & Second Ave,2443
1851,39.03842383,-77.05102041,Wheaton Metro/Georgia Ave & Reedie Dr,2116
1847,39.123513,-77.15741,Needwood Rd & Eagles Head Ct,1778
1840,38.7968,-77.0026,Tanger Outlets,1964
1834,38.828437,-77.086031,Radford & Osage St,2443
1787,39.099376,-77.188014,Fallsgrove Dr & W Montgomery Ave,1866
1773,38.8974996,-76.9695094,Oklahoma Ave & Benning Rd NE,1723
1692,38.908473,-76.933099,Deanwood Rec Center,1521
1691,39.06219,-77.129235,Congressional Ln & E Jefferson St,1523
1663,38.8828,-77.2283,Dunn Loring Metro,1822
1636,38.999679,-77.051168,Lyttonsville Rd & Lyttonsville Pl,1580
1628,38.962119,-76.935578,Riverdale Park Town Center,1493
1624,38.8692,-76.9599,Branch & Pennsylvania Ave SE,2466
1622,38.969581,-76.937349,Baltimore Ave & Van Buren St / Riverdale Park Station,1525
1583,39.062041,-77.120776,Twinbrook Metro,1697
1558,39.0253872,-77.044563,Dennis & Amherst Ave,1671
1537,38.938889,-76.997226,John McCormack Rd NE,1730
1502,38.861663,-76.969184,Good Hope & Naylor Rd SE,2863
1500,38.90970086,-77.08564639,Hardy Rec Center,1555
1466,38.955349,-76.968084,West Hyattsville Metro,1374
1410,38.836,-77.0009,4th St & Mississippi Ave SE,1228
1402,38.960084,-77.353414,Temporary Rd & Old Reston Ave,1568
1401,38.92755,-77.226644,Park Run & Onyx Dr,1544
1398,38.878085,-77.153953,N Roosevelt St & Roosevelt Blvd,1424
1397,38.961737,-76.995922,Chillum Rd & Riggs Rd / Riggs Plaza,1270
1394,39.014716,-77.107143,Pooks Hill Rd & Linden Ave,1421
1379,39.050539,-77.115212,Grand Park & Rose Ave,1382
1362,38.9243,-76.9859,Rhode Island Ave & Montana Ave NE,1723
1317,38.878,-76.9607,Randle Circle & Minnesota Ave SE,1285
1315,38.959633,-77.358741,Library St & Freedom Dr,1355
1304,39.043272,-77.053085,Grandview & Blueridge Ave,1327
1249,39.094772,-77.145213,Frederick Ave & Horners Ln,1389
1247,38.870093,-77.22997,Merrifield Cinema & Merrifield Town Center,1104
1228,38.86559,-76.952103,Fairfax Village,2834
1215,38.84627,-76.98185,Alabama Ave & Stanton Rd SE / Shops at Park Village,1492
1204,38.87947661,-77.11456329,Wilson Blvd. & N. Vermont St.,1380
1202,38.95534,-77.357611,Sunset Hills Rd & Discovery Square,1548
1194,38.970412,-77.340787,North Shore Dr & Village Rd,956
1189,38.8378458,-77.0934784,31st & Woodrow St S,2932
1179,38.824481,-77.005497,1st & S Capitol St SE / Oxon Run Trail,1014
1163,39.103091,-77.196442,Medical Center Dr & Key West Ave,1179
1147,38.831516,-77.008133,South Capitol & Atlantic St SW,918
1146,38.955314,-77.368416,Reston YMCA,1123
1141,38.928919,-77.225394,Westpark & Park Run Dr,1025
1115,38.871841,-77.00591,1st St & Potomac Ave SE,1091
1113,39.044887,-77.047788,Amherst Ave & Elkins St,1062
1077,38.936213,-76.960054,Perry & 35th St,855
1067,38.939271,-76.955047,Rhode Island Ave & 39th St / Brentwood Arts Exchange,993
1032,38.910993,-76.985854,Capitol Ave & Kendall St NE,1057
1013,38.965742,-76.954803,Prince George's Plaza Metro,1337
1004,38.98265,-76.988311,Takoma Park Rec Center,688
987,39.049,-77.10933,Citadel Ave & McGrath Blvd,904
950,38.918036,-77.045487,20th & Columbia Rd NW,1692
950,38.9551706,-77.36309409,Town Center Pkwy & Sunset Hills Rd,997
940,39.049765,-77.11368,Rockville Pike & Old Georgetown Rd,958
932,39.105295,-77.194774,Key West Ave & Siesta Key Way,949
931,38.968842,-76.954171,The Mall at Prince Georges,973
927,38.885621,-77.166917,W Columbia St & N Washington St,901
924,38.879355,-77.230681,Merrilee Dr & Lauren Elizabeth Lane,908
923,38.88837,-77.179832,N Oak St & W Broad St,834
917,39.0629,-77.113454,Fishers Ln & Rock Creek Mill Rd,894
916,38.919475,-77.221179,Tysons One Pl & Chain Bridge Rd,880
902,38.87972,-77.178408,S Maple Ave & S Washington St,823
890,38.929261,-77.240654,Spring Hill Metro,833
878,38.9546,-76.9595,Queens Chapel & Hamilton St,863
863,39.032029,-77.04735,Windham Ln & Amherst Ave,728
859,38.960574,-77.356324,New Dominion Pkwy & Fountain Dr,991
835,38.962524,-77.361902,Town Center Pkwy & Bowman Towne Dr,762
823,38.883601,-77.173438,W Broad St & Little Falls St,835
819,38.887403,-77.176992,Pennsylvania Ave & Park Ave,787
797,38.895172,-77.190275,George Mason High School / Haycock Rd & Leesburg Pike,829
793,38.931911,-77.219261,Jones Branch & Westbranch Dr,453
792,38.959361,-76.946361,Oglethorpe St & 42nd Ave,720
777,39.093783,-77.202501,Traville Gateway Dr & Gudelsky Dr,753
769,38.897407,-76.925907,Division Ave & Foote St NE,702
762,38.88548253,-76.97718725,Stadium Armory Metro,828
758,38.90046849,-76.94728732,Kenilworth Terrace & Hayes St. NE,721
736,38.8693365,-76.978519,Minnesota Ave & R St SE,708
718,39.00048,-77.00077,Garland Ave & Walden Rd,748
710,38.880612,-77.171891,E Fairfax St & S Washington St,645
705,38.82373,-77.00223,Livingston Rd & 3rd St SE,636
687,,,,673
684,38.988101,-76.988422,New Hampshire & Kirklynn Ave,691
681,38.9725,-76.9807,Riggs Rd & East West Hwy,626
678,39.106971,-77.192645,Corporate Blvd & Omega Dr,680
674,38.885434,-77.173605,Falls Church City Hall / Park Ave & Little Falls St,641
672,38.895068,-77.07386,Wilson Blvd & N Oak St,697
659,38.9638,-77.0103,6035 Warehouse,21
628,38.92403,-77.235955,Westpark Dr & Leesburg Pike,594
621,39.12333,-77.16486,Columbus Ave & Gramercy Blvd,633
619,38.891805,-76.913563,61st St & Banks Pl NE,586
589,39.035965,-77.048395,Amherst Ave & Prichard Rd,750
575,38.899811,-76.844604,Largo Town Center Metro,663
563,38.866277,-77.010551,Half & Water St SW,576
555,39.12004,-77.1569,Crabbs Branch Way & Redland Rd,455
527,38.876823,-77.002161,3rd & M st SE,368
521,38.923083,-77.227417,Greensboro & International Dr,727
518,39.0778751,-76.9418666,Briggs Chaney Park & Ride,521
501,38.974205,-76.995227,New Hampshire Ave & East-West Hwy,380
482,38.96420774,-77.35428035,Reston Pkwy & Spectrum Dr,510
470,38.932636,-77.231825,Tysons West Transit Center,421
468,38.84377,-76.97557,Mississippi Ave & 19th St SE / THEARC,417
466,38.878771,-76.97093,Anacostia Roller Skating Pavillion,472
462,39.097636,-77.196636,Shady Grove Hospital,484
458,38.83664578,-76.99358887,Valley Ave & Wheeler Rd SE,510
456,39.106152,-77.202354,Key West Ave & Diamondback Dr,558
448,38.9698,-76.9493,Hyattsville Library / Adelphi Rd & Toledo Rd,367
433,38.915246,-77.220157,Towers Crescent Dr & Tysons One Pl,491
425,38.975505,-76.952199,Northwestern High School,448
411,38.88625607,-77.08426237,Arlington Blvd & Fairfax Dr,439
405,38.882746,-77.170032,State Theatre / Park Pl & N Washington St,438
399,38.81403111,-77.04281688,St. Asaph & Montgomery St,325
393,39.085314,-76.940547,Castle Blvd & Castle Ln,396
381,38.88994,-76.825535,Largo Rd & Campus Way / Prince Georges's Comm Col,312
381,38.908391,-76.843263,1301 McCormick Dr / Wayne K. Curry Admin Bldg,368
380,38.840797,-77.108938,N. Beauregard St. & Berkley St.,379
379,38.890863,-77.074893,Ft Myer Dr & Arlington Blvd,364
378,38.801947,-77.040293,Duke St & Strand (Robinson Terminal),289
368,38.970046,-77.338686,North Shore & Cameron Crescent Dr/Crescent Apartments,305
354,38.9644,-77.0108,Motivate BX Tech office,353
342,38.9001,-77.1887,West Falls Church Metro,564
335,38.855004,-76.984512,Stanton Square SE,532
328,39.04313,-77.05006,Blueridge Ave & Elkins St,368
314,38.808161,-77.100796,Wheeler Ave & S. Floyd St.,309
304,38.852903,-77.045916,National Airport,300
304,38.92400208,-77.20812678,McLean Metro,251
294,39.105642,-77.20386,Key West Ave & Great Seneca Hwy,325
280,38.962095,-77.358815,Reston Regional Library,256
264,38.888524,-76.913188,Capitol Heights Metro,306
263,39.081638,-76.945495,Briggs Chaney & Castle Dr,280
255,38.928502,-77.215624,Jones Branch Drive & Scotts Crossing Rd,182
244,38.863743,-77.013814,2nd & V St SW / James Creek Marina,234
236,39.0473228,-77.0510969,Wheaton Library & Community Rec Center,249
234,39.0379809,-76.9945391,Oak Leaf & Lockwood,268
233,38.798749,-77.00103,Oxon Hill Park & Ride,283
230,38.84623,-76.97703,19th & Savannah St SE,264
221,39.0313141,-77.0041217,The Shoppes @ Burnt Mills,152
206,38.802738,-77.0824626,Eisenhower Ave & Ike Dr,228
201,38.883011,-76.949709,37th & Ely Pl SE / Fort Dupont Ice Arena,246
197,38.958098,-77.013821,Kansas Ave & Longfellow St NW,231
195,39.0456521,-76.9854381,Stewart Ln & Old Columbia Pike,213
193,38.92245,-77.23034,Greensboro & Pinnacle Dr,268
192,38.949008,-77.355299,Vy Reston Heights,197
187,,,,220
185,38.96577499,-77.06862643,Broadbranch & Northampton NW,223
183,39.1021,-77.2003,Broschart & Blackwell Rd,206
177,39.0391022,-76.9918237,New Hampshire & Lockwood,224
160,39.0449444,-76.9811552,Stewart & April,144
157,38.835737,-76.983144,United Medical Center,184
150,39.04104,-76.987125,White Oak Transit Center,152
135,38.853002,-77.059496,23rd St S & Hayes St,132
133,38.85736904,-76.97768801,Fort Stanton Rec Center,190
130,38.864838,-77.056873,Fern St & Army Navy Dr,102
128,38.944707,-77.335425,Campus Commons,111
119,38.81909,-77.01033,Joliet St & MLK Ave SW/Bald Eagle Rec Ctr,136
102,38.845028,-77.051956,S Clark St & 33rd St,111
93,38.840107,-76.9753,Southern Ave Metro,130
68,39.0461435,-76.9757228,White Oak Rec Center,65
58,38.854019,-77.118106,Columbia Pike & S Greenbrier St,52
57,38.87622745,-76.94098127,Ridge Rd Community Center,124
53,38.837306,-77.106111,N Hampton Dr & Ford Ave,61
53,38.815842,-77.110014,N Howard St & Taney Ave,55
28,,,,42
27,38.883318,-76.925315,53rd & D St SE/C.W. Harris Elementary,46
24,38.809709,-77.135788,Whiting & Lane Dr,15
9,,,,8
1,38.828887,-77.110588,Kenmore Ave & Seminary Rd,
